{"inputSize":9637,"outputSize":7,"hiddenSize":256,"bias1":[NaN,-0.0010624532587826253,0.0,-0.08869001269340515,0.0,-0.11675303429365158,NaN,-0.1754392683506012,-380.55303955078127,0.0,-0.03446803241968155,-0.001508815330453217,NaN,-0.0005870143068023026,-0.0020539143588393928,-0.08035169541835785,0.0,-0.001206731190904975,-0.013827268034219742,NaN,-0.13321353495121003,-2364976118945022000.0,NaN,-0.0017614393727853895,-784797728768.0,0.0,0.0,0.0,NaN,0.0,-6.037065029144287,0.0,-0.11306674033403397,-0.012997766956686974,-0.0006522723124362528,-0.03400985896587372,-0.15160880982875825,-101.7545166015625,0.0,0.0,-0.023440144956111909,-0.001773697673343122,0.0,-0.06565553694963455,-0.0008638487779535353,NaN,-0.0011118039255961776,0.0,-127.73068237304688,0.0,-0.0009783761342987419,-0.021968867629766465,-0.06809251010417938,-0.0775570496916771,NaN,NaN,0.0,0.0,0.0,-0.01977861486375332,NaN,-0.03812483698129654,-0.06995373219251633,0.0,-0.10866066813468933,0.0,-396.616455078125,NaN,-0.002017020480707288,NaN,-0.02967763878405094,0.0,0.0,-0.0015888586640357972,-0.0020590403582900764,-0.14163562655448914,-0.0007876327726989985,-0.07700006663799286,-0.040238432586193088,0.0,-0.0042910268530249599,0.0,0.0,NaN,-0.017853418365120889,-0.20137739181518556,-0.05467959865927696,-636905390080.0,NaN,-0.001943395589478314,-0.0006662870873697102,-0.04721211642026901,-0.13150635361671449,-0.0010036270832642913,-0.0007658005924895406,-0.0009225234389305115,-0.0011773384176194668,-0.15531094372272492,-0.08468200266361237,-0.028931202366948129,-0.002036272780969739,0.0,-0.05307288467884064,-263.9857482910156,-0.0010819031158462167,0.0,-0.023804251104593278,-0.0034052194096148016,-175320784.0,0.0,-0.044495176523923877,-0.087470643222332,-42.58595657348633,0.0,-423.2734375,-278.9986572265625,-0.0013008200330659748,-0.0018616743618622423,-2723118667070963900.0,-41.26582336425781,-0.0671042874455452,NaN,-0.031653642654418948,-0.11457545310258866,-0.014763707295060158,-360547424.0,-0.0007055856985971332,-0.05224630609154701,-0.022116752341389657,-0.044755756855010989,0.0,0.0,-1089475903488.0,-0.001578526571393013,NaN,-0.0005962980212643743,-0.0018485992914065719,-0.12327262759208679,-0.05469001829624176,-0.0866541638970375,-0.06072472408413887,NaN,-13293.80078125,-0.0010503486264497042,NaN,-0.12432268261909485,-0.000502994516864419,0.0,-0.18694397807121278,0.0,0.0,-0.0013979426585137845,-0.0012601943453773857,-0.03378734737634659,-0.11960343271493912,-0.0020093428902328016,NaN,NaN,-0.07936955988407135,-0.0004381057224236429,-0.06039635092020035,-0.06299668550491333,NaN,NaN,0.0,-0.000610258721280843,-0.004586892202496529,-0.0010414946591481567,0.0,0.0,-196478091264.0,-13.863868713378907,NaN,-0.05524859204888344,-0.0011732196435332299,-37416.33203125,-0.0005744858062826097,NaN,-0.0343845933675766,0.0,-139.7011260986328,NaN,-0.029986197128891946,-0.12555426359176637,-0.07828819751739502,-0.001053426181897521,0.0,-0.0005748845869675279,0.0,-60896992.0,-0.001508865738287568,-8.594954490661621,NaN,0.0,NaN,-11.686311721801758,0.0,-0.017069894820451738,-0.01891125552356243,-0.0501241534948349,0.0,0.0,0.0,-0.0016974513418972493,-0.00037430773954838514,0.0,0.0,-555992809472.0,0.0,-0.06632179766893387,NaN,-0.03884322941303253,-0.13697649538516999,-0.011320831254124642,-0.03135104104876518,-0.0790385752916336,-0.024640588089823724,0.0,-623393832960.0,NaN,-79555264.0,-14.381316184997559,NaN,-0.05996643751859665,-0.03501555323600769,-19.041248321533204,-0.07836148142814636,-0.0007473810692317784,-0.0012187755201011897,NaN,-0.11304576694965363,-0.009412742219865322,-0.16699661314487458,-163.99195861816407,0.0,0.0,-0.0019462361233308912,0.0,0.0,0.0,-0.017339998856186868,-0.0014130721101537347,0.0,-0.05081265792250633,-0.0010207273298874498,-0.007572116330265999,0.0,-0.021451856940984727,-0.0010819302406162024,0.0,0.0,0.0,-0.00011861553502967581,-0.016186218708753587,-344320768.0,NaN],"bias2":[NaN,NaN,NaN,NaN,NaN,NaN,NaN]}