{"inputSize":9637,"outputSize":6,"hiddenSize":256,"bias1":[NaN,0.0,0.0,-0.0006504597258754075,-0.025390826165676118,-0.0004032065044157207,-29830.806640625,NaN,-0.04202805086970329,0.0,-0.008636626414954663,-0.0002570116485003382,0.0,-0.024886613711714746,-0.06466163694858551,-7.2913031578063969,-0.03587013855576515,-0.009306980296969414,-0.060747161507606509,-0.0014478297671303154,-0.04205336794257164,-0.038395825773477557,-0.009095431305468083,-0.013010765425860882,-0.004806383978575468,-0.03068404644727707,-0.032065246254205707,-0.02361227758228779,-3.7346502419186536e21,-0.02373785898089409,-8.399462456640443e30,-0.00030687780235894024,NaN,-0.00008822444215184078,-0.000544488022569567,-0.03962769731879234,-0.05986602604389191,-0.008734234608709813,-0.05296644940972328,-0.0008063159766606987,0.0,-0.05052531510591507,0.0,-0.0001074474275810644,0.0,-0.020892344415187837,NaN,-0.0012253241147845984,-109.34579467773438,-0.05008990690112114,-0.0006541050970554352,-0.023896710947155954,0.0,0.0,0.0,-8.232039686877983e22,NaN,-0.0007023055222816765,NaN,-0.00033860624535009265,-0.06183449178934097,-1.2095041697267329e31,-0.00011010231537511572,0.0,0.0,-0.0007038144976831973,NaN,-0.010995903983712197,-0.000872703327331692,-3.195731028851378e30,-0.0007798188598826528,0.0,-10233.08203125,-0.012080831453204155,0.0,-2.7674486403642729e23,-9146.1962890625,0.0,-0.04148011654615402,0.0,-0.06206795200705528,0.0,-2.956341363131219e22,-0.0003446794580668211,-0.00046645256225019693,-0.000050142130930908024,-0.0007417014567181468,-0.042054735124111179,0.0,NaN,-0.06063033640384674,-0.007530995644629002,-31663.826171875,-0.00557154743000865,0.0,0.0,0.0,-0.001497969264164567,-0.0007231596973724663,0.0,-0.000055750482715666294,-0.0008695205324329436,-0.048271823674440387,-0.03585916757583618,NaN,-0.0013818989973515273,-0.046751342713832858,NaN,-0.03391961753368378,-0.0312693752348423,-0.00010364869376644492,-0.0010454868897795678,-0.0225320216268301,-11723.603515625,-0.04975413531064987,-0.00044523205724544823,0.0,-24735.98828125,-0.014392362907528878,-0.0008123279549181461,-0.0015179929323494435,-0.02114914543926716,-0.0014488662127405406,-5.0102620124816898,-5.460304720132029e28,-0.011893551796674729,-0.0006054219556972384,-0.000999770942144096,-0.0014420842053368688,-0.03609137609601021,-0.000019094135495834053,-0.00028173832106404006,-0.0004657984827645123,0.0,-0.0010644453577697278,-2.9432239532470705,0.0,0.0,0.0,-0.0006404333980754018,-0.014912502840161324,0.0,0.0,-51.35466384887695,-0.029536012560129167,-0.00877576507627964,-10.069576263427735,-0.0012994087301194668,-0.0000588152433920186,-0.0005159855354577303,-6505.6962890625,0.0,-0.0008506083395332098,-0.0007387667428702116,-0.03438955917954445,-0.0018048338824883104,-0.0009765343274921179,-0.00537281995639205,-3.086435370046023e30,-1.0383971613514289e31,-0.012542322278022766,-0.03197145462036133,-26127.44921875,-0.0005411261809058487,-1.1152906463228534e31,-0.03182191029191017,-0.021467208862304689,-0.000029428041671053506,-0.04884926602244377,-1.682187636996627e30,-0.021801350638270379,-0.010601825080811978,NaN,-0.038200583308935168,-0.016489936038851739,0.0,0.0,-0.09628324955701828,0.0,0.0,NaN,0.0,0.0,0.0,-0.04262099415063858,-0.005451894365251064,NaN,-0.0005549666821025312,-0.0007221047417260706,-0.0004911177675239742,-0.0009857245022431017,-4.696313699457262e23,-0.0003321946132928133,0.0,NaN,-0.020791802555322648,-0.0011626119958236814,0.0,-0.0015275412006303669,0.0,-0.05164366587996483,-0.0002524351002648473,-0.00032883876701816916,-0.0005400848458521068,-0.030883440747857095,NaN,-74.44282531738281,-0.011282350867986679,-33161.2578125,0.0,-0.0015050355577841402,-0.0009062677272595465,-0.0005661256145685911,-0.000029171191272325814,-0.01131028775125742,0.0,0.0,-0.051224205642938617,NaN,0.0,-4.440396830775919e23,-13.269432067871094,-3.3554258983821018e30,0.0,-0.0007823632913641632,-0.000048878671805141494,-0.00047492372686974704,0.0,-0.03392716124653816,-0.03150709718465805,-0.0009022061713039875,NaN,-0.040370259433984759,-0.033617809414863589,-0.0014411347219720483,NaN,-0.03530788794159889,-30.176067352294923,-0.05466136336326599,0.0,-26622667259904.0,-0.00006331947224680334,-0.059498321264982226,-0.06128791719675064,-0.0005419619847089052,-0.026923829689621927,-0.011181220412254334,-0.07168214023113251,-0.0012947554932907224,NaN,-0.00009268707799492404,-11460.2470703125,0.0,0.0,-0.0013121976517140866,0.0],"bias2":[NaN,NaN,NaN,NaN,NaN,NaN],"trainingSteps":64}